{
  "project_info": {
    "project_number": "797186634785",
    "firebase_url": "https://androidtictactoe-6a9e7.firebaseio.com",
    "project_id": "androidtictactoe-6a9e7",
    "storage_bucket": "androidtictactoe-6a9e7.appspot.com"
  },
  "client": [
    {
      "client_info": {
        "mobilesdk_app_id": "1:797186634785:android:bbacc7bf562abb0d",
        "android_client_info": {
          "package_name": "com.example.ivanc.androidtictactoe"
        }
      },
      "oauth_client": [
        {
          "client_id": "797186634785-vpl54b4nnqjsqc321f2qfca4b6f0vsgk.apps.googleusercontent.com",
          "client_type": 1,
          "android_info": {
            "package_name": "com.example.ivanc.androidtictactoe",
            "certificate_hash": "82e989d1ab8f5bc11d366d4ecb7a6bb90c2a9647"
          }
        },
        {
          "client_id": "797186634785-0oc1gblb0qvj3cehc8k452olcp67mqi7.apps.googleusercontent.com",
          "client_type": 3
        }
      ],
      "api_key": [
        {
          "current_key": "AIzaSyCWtCULNAw23ci6p-4XY1EIkmB8CGJWOgA"
        }
      ],
      "services": {
        "analytics_service": {
          "status": 1
        },
        "appinvite_service": {
          "status": 2,
          "other_platform_oauth_client": [
            {
              "client_id": "797186634785-0oc1gblb0qvj3cehc8k452olcp67mqi7.apps.googleusercontent.com",
              "client_type": 3
            }
          ]
        },
        "ads_service": {
          "status": 2
        }
      }
    }
  ],
  "configuration_version": "1"
}